Team,Median of Age,Mean of Age,Std of Age,Median of Matches,Mean of Matches,Std of Matches,Median of Starts,Mean of Starts,Std of Starts,Median of Minutes,Mean of Minutes,Std of Minutes,Median of non_penalty_goals,Mean of non_penalty_goals,Std of non_penalty_goals,Median of penalty_goals,Mean of penalty_goals,Std of penalty_goals,Median of assists,Mean of assists,Std of assists,Median of yellow_cards,Mean of yellow_cards,Std of yellow_cards,Median of red_cards,Mean of red_cards,Std of red_cards,Median of xG,Mean of xG,Std of xG,Median of npxG,Mean of npxG,Std of npxG,Median of xAG,Mean of xAG,Std of xAG,Median of PrgC,Mean of PrgC,Std of PrgC,Median of PrgP,Mean of PrgP,Std of PrgP,Median of PrgR,Mean of PrgR,Std of PrgR,Median of per90_Gls,Mean of per90_Gls,Std of per90_Gls,Median of per90_Ast,Mean of per90_Ast,Std of per90_Ast,Median of per90_G+A,Mean of per90_G+A,Std of per90_G+A,Median of per90_G-PK,Mean of per90_G-PK,Std of per90_G-PK,Median of per90_G+A-PK,Mean of per90_G+A-PK,Std of per90_G+A-PK,Median of per90_xG,Mean of per90_xG,Std of per90_xG,Median of per90_xAG,Mean of per90_xAG,Std of per90_xAG,Median of per90_xG+xAG,Mean of per90_xG+xAG,Std of per90_xG+xAG,Median of per90_npxG,Mean of per90_npxG,Std of per90_npxG,Median of per90_npxG+xAG,Mean of per90_npxG+xAG,Std of per90_npxG+xAG,Median of PKatt,Mean of PKatt,Std of PKatt,Median of Gls,Mean of Gls,Std of Gls,Median of Sh,Mean of Sh,Std of Sh,Median of SoT,Mean of SoT,Std of SoT,Median of Sh/90,Mean of Sh/90,Std of Sh/90,Median of SoT/90,Mean of SoT/90,Std of SoT/90,Median of FK,Mean of FK,Std of FK,Median of PK,Mean of PK,Std of PK,Median of xG_shooting,Mean of xG_shooting,Std of xG_shooting,Median of npxG_shooting,Mean of npxG_shooting,Std of npxG_shooting,Median of G-xG,Mean of G-xG,Std of G-xG,Median of np:G-xG,Mean of np:G-xG,Std of np:G-xG,Median of Pass_Cmp,Mean of Pass_Cmp,Std of Pass_Cmp,Median of Pass_Att,Mean of Pass_Att,Std of Pass_Att,Median of Pass_Cmp%,Mean of Pass_Cmp%,Std of Pass_Cmp%,Median of TotDist,Mean of TotDist,Std of TotDist,Median of PrgDist,Mean of PrgDist,Std of PrgDist,Median of Short_Cmp,Mean of Short_Cmp,Std of Short_Cmp,Median of Short_Att,Mean of Short_Att,Std of Short_Att,Median of Short_Cmp%,Mean of Short_Cmp%,Std of Short_Cmp%,Median of Medium_Cmp,Mean of Medium_Cmp,Std of Medium_Cmp,Median of Medium_Att,Mean of Medium_Att,Std of Medium_Att,Median of Medium_Cmp%,Mean of Medium_Cmp%,Std of Medium_Cmp%,Median of Long_Cmp,Mean of Long_Cmp,Std of Long_Cmp,Median of Long_Att,Mean of Long_Att,Std of Long_Att,Median of Long_Cmp%,Mean of Long_Cmp%,Std of Long_Cmp%,Median of Ast,Mean of Ast,Std of Ast,Median of xA,Mean of xA,Std of xA,Median of A-xAG,Mean of A-xAG,Std of A-xAG,Median of KP,Mean of KP,Std of KP,Median of 1/3,Mean of 1/3,Std of 1/3,Median of PPA,Mean of PPA,Std of PPA,Median of CrsPA,Mean of CrsPA,Std of CrsPA,Median of Pass_Live,Mean of Pass_Live,Std of Pass_Live,Median of Pass_Dead,Mean of Pass_Dead,Std of Pass_Dead,Median of Pass_FK,Mean of Pass_FK,Std of Pass_FK,Median of Pass_TB,Mean of Pass_TB,Std of Pass_TB,Median of Pass_Sw,Mean of Pass_Sw,Std of Pass_Sw,Median of Pass_Crs,Mean of Pass_Crs,Std of Pass_Crs,Median of Pass_TI,Mean of Pass_TI,Std of Pass_TI,Median of Pass_CK,Mean of Pass_CK,Std of Pass_CK,Median of Corner_In,Mean of Corner_In,Std of Corner_In,Median of Corner_Out,Mean of Corner_Out,Std of Corner_Out,Median of Corner_Str,Mean of Corner_Str,Std of Corner_Str,Median of Pass_Cmp_outcome,Mean of Pass_Cmp_outcome,Std of Pass_Cmp_outcome,Median of Pass_Off,Mean of Pass_Off,Std of Pass_Off,Median of Pass_Blocks,Mean of Pass_Blocks,Std of Pass_Blocks,Median of SCA,Mean of SCA,Std of SCA,Median of SCA90,Mean of SCA90,Std of SCA90,Median of SCA_type_Passlive,Mean of SCA_type_Passlive,Std of SCA_type_Passlive,Median of SCA_type_Passdead,Mean of SCA_type_Passdead,Std of SCA_type_Passdead,Median of SCA_type_TO,Mean of SCA_type_TO,Std of SCA_type_TO,Median of SCA_type_Sh,Mean of SCA_type_Sh,Std of SCA_type_Sh,Median of SCA_type_Fld,Mean of SCA_type_Fld,Std of SCA_type_Fld,Median of SCA_type_Def,Mean of SCA_type_Def,Std of SCA_type_Def,Median of GCA,Mean of GCA,Std of GCA,Median of GCA90,Mean of GCA90,Std of GCA90,Median of GCA_type_Passlive,Mean of GCA_type_Passlive,Std of GCA_type_Passlive,Median of GCA_type_Passdead,Mean of GCA_type_Passdead,Std of GCA_type_Passdead,Median of GCA_type_TO,Mean of GCA_type_TO,Std of GCA_type_TO,Median of GCA_type_Sh,Mean of GCA_type_Sh,Std of GCA_type_Sh,Median of GCA_type_Fld,Mean of GCA_type_Fld,Std of GCA_type_Fld,Median of GCA_type_Def,Mean of GCA_type_Def,Std of GCA_type_Def,Median of Tkl,Mean of Tkl,Std of Tkl,Median of TklW,Mean of TklW,Std of TklW,Median of Def_3rd,Mean of Def_3rd,Std of Def_3rd,Median of Mid_3rd,Mean of Mid_3rd,Std of Mid_3rd,Median of Att_3rd,Mean of Att_3rd,Std of Att_3rd,Median of Challenges_Tkl,Mean of Challenges_Tkl,Std of Challenges_Tkl,Median of Challenges_Att,Mean of Challenges_Att,Std of Challenges_Att,Median of Challenges_Lost,Mean of Challenges_Lost,Std of Challenges_Lost,Median of Blocks,Mean of Blocks,Std of Blocks,Median of Blocks_Sh,Mean of Blocks_Sh,Std of Blocks_Sh,Median of Blocks_Pass,Mean of Blocks_Pass,Std of Blocks_Pass,Median of Blocks_Int,Mean of Blocks_Int,Std of Blocks_Int,Median of Blocks_Tkl+Int,Mean of Blocks_Tkl+Int,Std of Blocks_Tkl+Int,Median of Blocks_Clr,Mean of Blocks_Clr,Std of Blocks_Clr,Median of Blocks_Err,Mean of Blocks_Err,Std of Blocks_Err,Median of Touches,Mean of Touches,Std of Touches,Median of Def_Pen,Mean of Def_Pen,Std of Def_Pen,Median of Att_Pen,Mean of Att_Pen,Std of Att_Pen,Median of Live_Touches,Mean of Live_Touches,Std of Live_Touches,Median of Take_Att,Mean of Take_Att,Std of Take_Att,Median of Take_Succ,Mean of Take_Succ,Std of Take_Succ,Median of Take_Tkld,Mean of Take_Tkld,Std of Take_Tkld,Median of Carries,Mean of Carries,Std of Carries,Median of Carries_TotDist,Mean of Carries_TotDist,Std of Carries_TotDist,Median of Carries_ProDist,Mean of Carries_ProDist,Std of Carries_ProDist,Median of Carries_ProgC,Mean of Carries_ProgC,Std of Carries_ProgC,Median of Carries_1/3,Mean of Carries_1/3,Std of Carries_1/3,Median of Carries_CPA,Mean of Carries_CPA,Std of Carries_CPA,Median of Carries_Mis,Mean of Carries_Mis,Std of Carries_Mis,Median of Carries_Dis,Mean of Carries_Dis,Std of Carries_Dis,Median of Rec,Mean of Rec,Std of Rec,Median of Rec_PrgR,Mean of Rec_PrgR,Std of Rec_PrgR,Median of PT_Starts,Mean of PT_Starts,Std of PT_Starts,Median of PT_Compl,Mean of PT_Compl,Std of PT_Compl,Median of Subs,Mean of Subs,Std of Subs,Median of Subs_unSub,Mean of Subs_unSub,Std of Subs_unSub,Median of Fls,Mean of Fls,Std of Fls,Median of Fld,Mean of Fld,Std of Fld,Median of Off,Mean of Off,Std of Off,Median of Crs,Mean of Crs,Std of Crs,Median of OG,Mean of OG,Std of OG,Median of Recov,Mean of Recov,Std of Recov,Median of Aerial_Won,Mean of Aerial_Won,Std of Aerial_Won,Median of Aerial_Lost,Mean of Aerial_Lost,Std of Aerial_Lost,Median of Aerial_Won%,Mean of Aerial_Won%,Std of Aerial_Won%
all,25.00,25.50,4.13,23.00,22.66,10.14,16.00,16.94,11.17,1419.00,1518.37,949.24,1.00,2.23,3.35,0.00,0.19,0.84,1.00,1.74,2.47,3.00,3.32,2.84,0.00,0.12,0.34,1.10,2.44,3.57,1.10,2.26,3.11,1.00,1.76,2.21,17.00,28.85,32.30,44.00,59.21,57.41,30.00,58.65,71.20,0.07,0.14,0.19,0.05,0.10,0.14,0.15,0.24,0.27,0.07,0.13,0.18,0.15,0.23,0.25,0.08,0.15,0.18,0.07,0.10,0.11,0.17,0.25,0.24,0.08,0.14,0.17,0.17,0.25,0.23,0.00,0.22,0.93,1.00,2.44,3.82,12.00,21.01,23.11,4.00,7.20,9.10,1.03,1.30,1.10,0.29,0.45,0.46,0.00,0.58,1.81,0.00,0.19,0.84,1.10,2.45,3.59,1.10,2.28,3.14,-0.10,-0.02,1.40,-0.10,-0.04,1.38,1997.00,1997.11,4.13,15.80,16.87,10.54,494.00,634.12,549.78,627.00,785.56,633.88,78.60,78.17,8.29,2312.00,3810.48,4160.22,244.00,305.00,263.64,276.00,341.34,283.15,88.50,87.99,6.84,174.00,258.60,254.70,212.00,298.34,275.03,84.30,82.70,10.32,31.00,54.06,63.77,59.00,104.05,132.41,1.00,1.75,2.50,0.90,1.55,1.89,-0.10,-0.01,1.13,9.00,15.95,18.46,29.00,47.22,50.30,8.00,13.69,16.14,1.00,2.85,4.36,567.00,712.93,584.04,38.00,69.68,87.21,8.00,18.86,27.44,1.00,2.68,4.54,2.00,4.06,5.94,10.00,26.54,42.28,5.00,27.29,54.77,0.00,8.29,23.05,0.00,4.06,11.76,0.00,2.43,8.81,0.00,0.20,0.93,494.00,634.12,549.78,2.00,2.95,3.11,12.00,14.75,13.30,25.00,37.29,37.55,2.11,2.25,1.49,19.00,27.32,26.84,0.00,3.10,7.64,1.00,2.17,3.42,1.00,2.43,2.94,1.00,1.55,2.26,0.00,0.73,1.13,3.00,4.18,4.98,0.19,0.25,0.26,2.00,2.95,3.55,0.00,0.26,0.80,0.00,0.30,0.74,0.00,0.32,0.72,0.00,0.26,0.64,0.00,0.08,0.30,21.00,27.06,23.81,13.00,15.90,14.22,175.00,314.75,348.22,315.00,409.62,369.06,170.00,243.57,239.56,9.00,12.57,12.08,21.00,25.67,22.76,10.00,13.10,12.19,16.00,18.79,15.36,3.00,5.97,7.95,11.00,12.82,10.86,9.00,12.74,12.69,30.00,39.80,34.82,18.00,31.45,36.12,0.00,0.67,1.10,809.00,959.06,715.44,36.00,106.92,201.03,23.00,40.42,47.68,809.00,958.84,715.32,17.00,28.71,32.87,8.00,13.07,15.41,7.00,12.57,14.92,455.00,548.77,435.14,2331.00,2897.20,2277.67,1148.00,1489.47,1257.26,17.00,28.77,32.26,14.00,20.22,19.82,3.00,9.25,16.08,15.00,21.71,20.95,9.00,14.51,16.07,511.00,627.81,507.76,30.00,58.95,71.81,16.00,16.90,11.19,8.00,10.73,10.24,5.00,5.74,5.22,2.00,4.83,6.36,12.00,16.44,15.71,1.00,2.95,4.66,10.00,26.54,42.28,9.00,12.74,12.69,13.00,15.90,14.22,0.00,0.19,0.54,0.00,0.22,0.47,0.00,0.10,0.33,62.00,74.02,55.74
Arsenal,24.00,24.76,2.55,27.00,26.81,10.19,18.00,19.86,13.09,1649.00,1781.57,1102.75,2.00,3.62,3.98,0.00,0.48,1.36,2.00,2.95,3.14,2.00,2.95,2.77,0.00,0.10,0.30,1.60,3.71,4.29,1.60,3.34,3.60,1.40,2.66,3.07,17.00,38.95,42.67,72.00,99.62,94.10,37.00,98.86,130.50,0.12,0.18,0.19,0.17,0.16,0.15,0.25,0.35,0.28,0.12,0.16,0.18,0.25,0.32,0.24,0.12,0.20,0.18,0.13,0.14,0.13,0.24,0.34,0.27,0.12,0.18,0.17,0.24,0.32,0.23,0.00,0.48,1.36,2.00,4.10,4.74,17.00,30.71,29.87,5.00,9.90,10.14,1.34,1.63,1.22,0.30,0.50,0.44,0.00,0.29,0.96,0.00,0.48,1.36,1.60,3.71,4.29,1.60,3.34,3.60,0.20,0.38,1.54,0.00,0.28,1.56,1998.00,1997.76,2.72,18.30,19.79,12.25,699.00,900.67,735.47,785.00,1064.62,820.17,83.70,82.70,6.26,2564.00,4839.48,4680.44,306.00,457.95,352.21,342.00,501.62,378.56,90.90,91.06,4.51,229.00,368.48,350.74,267.00,413.76,375.53,85.90,87.30,6.81,37.00,55.81,50.00,60.00,102.48,102.65,2.00,2.95,3.14,0.90,2.74,3.23,0.40,0.29,1.28,9.00,24.38,28.94,43.00,72.76,70.97,14.00,26.00,30.36,2.00,3.24,3.94,759.00,988.38,777.28,49.00,72.10,66.18,7.00,20.90,22.55,3.00,4.95,8.32,2.00,3.05,3.98,12.00,31.67,45.59,6.00,26.10,51.21,0.00,12.62,27.92,0.00,10.33,23.29,0.00,0.05,0.22,0.00,0.00,0.00,699.00,900.67,735.47,3.00,4.14,4.02,11.00,15.05,13.62,28.00,56.33,59.48,2.86,2.76,1.67,25.00,44.00,46.29,1.00,3.90,7.01,1.00,2.76,3.92,1.00,3.14,3.29,1.00,1.57,2.04,0.00,0.95,1.43,5.00,7.24,6.99,0.38,0.41,0.35,3.00,4.95,5.32,0.00,0.76,1.18,0.00,0.38,0.67,0.00,0.52,0.75,0.00,0.62,1.02,0.00,0.00,0.00,24.00,28.95,22.46,15.00,16.48,13.12,182.00,318.29,372.35,389.00,536.67,488.04,239.00,405.43,369.74,11.00,12.90,10.24,22.00,25.81,20.46,7.00,12.90,12.19,18.00,19.52,15.07,1.00,5.05,8.67,15.00,14.48,11.16,12.00,13.86,12.08,36.00,42.81,33.29,9.00,24.48,28.95,0.00,0.86,1.28,912.00,1251.43,909.01,25.00,93.95,173.76,31.00,70.29,78.20,912.00,1250.95,908.71,14.00,31.86,36.88,8.00,13.43,15.08,6.00,14.48,17.54,591.00,769.33,566.77,3077.00,3833.90,2933.08,1532.00,1961.52,1541.20,17.00,38.95,42.67,21.00,27.14,24.15,6.00,15.57,23.07,13.00,24.95,21.18,9.00,17.81,18.47,650.00,892.67,667.30,37.00,98.86,130.50,18.00,19.86,13.09,7.00,12.52,12.50,7.00,6.95,5.84,3.00,6.67,8.45,13.00,18.67,16.97,1.00,4.10,5.29,12.00,31.67,45.59,12.00,13.86,12.08,15.00,16.48,13.12,0.00,0.43,0.68,0.00,0.14,0.48,0.00,0.05,0.22,59.00,83.00,60.38
Aston Villa,26.00,25.96,3.55,27.00,24.17,11.11,20.00,18.13,12.39,1652.00,1629.13,1057.00,2.00,2.96,4.34,0.00,0.17,0.83,1.00,2.39,3.55,4.00,4.04,3.17,0.00,0.09,0.29,1.40,2.83,3.76,1.40,2.69,3.66,1.00,2.14,2.71,32.00,33.30,29.30,55.00,62.87,56.02,33.00,62.39,74.14,0.11,0.20,0.26,0.08,0.12,0.16,0.21,0.32,0.32,0.11,0.20,0.26,0.21,0.32,0.32,0.10,0.16,0.16,0.09,0.10,0.10,0.21,0.26,0.21,0.10,0.16,0.16,0.21,0.26,0.21,0.00,0.17,0.83,2.00,3.13,4.51,14.00,22.00,24.90,5.00,7.87,10.51,0.78,1.21,1.07,0.35,0.44,0.42,0.00,0.65,1.67,0.00,0.17,0.83,1.40,2.83,3.76,1.40,2.69,3.66,0.00,0.30,1.51,0.00,0.27,1.47,1997.00,1996.70,3.51,18.40,18.11,11.75,573.00,699.61,567.57,790.00,839.70,647.13,80.40,81.30,7.16,2559.00,4136.00,4236.25,293.00,308.09,235.23,329.00,341.26,252.02,89.90,89.04,6.98,184.00,320.35,300.07,242.00,359.09,320.09,85.70,86.83,8.06,48.00,57.74,60.18,82.00,102.83,111.96,1.00,2.39,3.55,1.00,1.83,2.10,-0.10,0.25,1.51,10.00,17.26,18.66,29.00,50.13,49.19,12.00,15.78,16.78,0.00,2.91,4.74,745.00,758.74,578.25,47.00,78.91,86.49,13.00,27.30,35.91,0.00,3.39,5.24,2.00,4.13,5.95,11.00,28.30,40.74,4.00,26.65,54.74,0.00,10.04,22.97,0.00,6.48,14.64,0.00,0.65,1.82,0.00,0.09,0.42,573.00,699.61,567.57,1.00,2.04,2.27,13.00,14.87,12.48,29.00,39.48,37.57,2.07,1.99,1.27,22.00,29.04,26.21,0.00,3.35,7.98,1.00,2.00,2.78,2.00,3.17,4.30,1.00,1.35,1.47,0.00,0.57,0.66,3.00,5.61,6.43,0.30,0.31,0.28,2.00,4.00,4.46,0.00,0.35,0.88,0.00,0.35,0.65,0.00,0.43,1.50,0.00,0.35,0.57,0.00,0.13,0.34,16.00,23.70,20.04,9.00,13.48,12.09,215.00,354.43,389.62,318.00,417.43,365.49,186.00,236.65,214.65,7.00,11.26,10.28,19.00,23.78,20.60,8.00,12.52,11.43,18.00,16.91,11.52,2.00,4.91,6.18,13.00,12.00,8.21,9.00,10.22,9.08,21.00,33.91,28.66,12.00,25.87,26.42,0.00,0.57,1.08,1017.00,999.57,711.88,44.00,121.91,238.15,27.00,43.78,51.96,1017.00,999.39,711.54,30.00,32.65,31.30,13.00,14.83,15.51,11.00,13.61,13.56,635.00,626.30,457.07,3527.00,3400.17,2449.83,1663.00,1782.87,1427.93,32.00,33.30,29.30,19.00,21.00,17.22,4.00,9.39,13.28,17.00,20.43,19.65,14.00,18.04,17.47,764.00,685.61,498.01,33.00,62.39,74.14,20.00,18.13,12.39,6.00,11.74,11.07,6.00,6.04,6.06,2.00,5.57,8.33,15.00,20.52,18.84,0.00,2.04,4.02,11.00,28.30,40.74,9.00,10.22,9.08,9.00,13.48,12.09,0.00,0.17,0.49,0.00,0.09,0.29,0.00,0.17,0.49,62.00,70.00,52.14
Bournemouth,24.50,25.04,3.54,25.50,22.08,11.85,13.00,16.04,12.73,1317.50,1438.42,1074.14,0.50,1.92,3.73,0.00,0.08,0.39,1.00,1.50,1.50,3.00,3.00,2.94,0.00,0.12,0.33,1.15,2.19,3.91,1.15,2.10,3.49,1.10,1.57,1.60,22.00,27.04,26.18,43.50,50.04,45.89,27.50,49.50,59.09,0.01,0.14,0.22,0.08,0.11,0.12,0.15,0.25,0.29,0.01,0.14,0.21,0.15,0.25,0.29,0.06,0.19,0.30,0.08,0.11,0.10,0.15,0.30,0.37,0.06,0.19,0.30,0.15,0.30,0.37,0.00,0.12,0.59,0.50,2.00,4.06,12.50,20.54,26.17,3.50,6.65,9.26,0.95,1.56,1.73,0.25,0.52,0.61,0.00,0.69,1.67,0.00,0.08,0.39,1.15,2.19,3.91,1.15,2.10,3.49,-0.10,-0.19,1.08,-0.10,-0.17,1.08,1997.50,1997.65,3.39,14.60,15.98,11.94,385.50,455.15,383.69,540.50,608.62,495.15,74.75,73.93,6.37,1703.50,3185.35,3668.22,188.00,190.15,141.14,237.50,224.15,164.96,85.20,85.91,6.89,142.50,201.88,208.13,172.50,237.92,230.48,81.00,81.71,10.55,25.50,53.31,65.08,56.50,113.38,141.76,1.00,1.50,1.50,0.95,1.28,1.36,-0.05,-0.07,0.91,10.50,15.88,15.79,25.00,40.88,44.78,12.50,13.50,12.01,2.00,3.38,4.21,463.00,537.65,450.77,42.50,68.81,80.65,6.50,16.08,23.65,1.00,1.81,3.39,2.50,3.50,4.19,14.00,27.04,34.54,4.00,29.46,56.97,0.00,9.00,21.68,0.00,7.35,18.52,0.00,0.35,1.06,0.00,0.15,0.37,385.50,455.15,383.69,1.50,2.15,2.36,16.50,13.77,10.35,30.00,36.38,31.95,2.37,2.53,1.54,25.50,26.85,23.46,1.00,2.69,5.04,1.00,2.35,3.35,1.50,2.15,2.46,1.00,1.31,1.62,1.00,1.04,1.18,3.00,3.19,2.62,0.20,0.23,0.23,2.00,2.38,2.17,0.00,0.12,0.43,0.00,0.19,0.49,0.00,0.23,0.71,0.00,0.12,0.33,0.00,0.15,0.37,24.00,26.46,23.33,14.50,15.65,13.42,138.00,260.69,309.06,284.00,323.62,301.05,160.50,216.92,203.43,9.00,12.42,11.51,27.00,26.19,23.11,13.00,13.77,12.57,17.00,19.15,16.91,3.00,5.81,7.99,12.50,13.35,11.88,7.50,13.62,16.55,33.50,40.08,38.46,22.00,31.12,35.29,0.00,0.62,1.06,733.00,790.69,605.02,43.00,95.15,187.02,14.50,39.54,51.36,733.00,790.58,604.97,17.50,32.92,36.52,10.00,14.46,15.97,8.00,15.62,18.83,365.50,421.15,328.96,2314.50,2536.69,1977.68,1162.00,1324.12,1107.10,22.00,27.04,26.18,17.50,19.50,20.28,2.50,9.19,12.91,16.00,24.27,29.06,9.00,14.73,20.02,421.50,449.65,348.54,27.50,49.50,59.09,13.00,16.04,12.73,5.50,9.50,10.85,5.50,6.04,5.28,3.00,4.42,5.61,12.50,14.31,12.51,1.00,2.15,3.39,14.00,27.04,34.54,7.50,13.62,16.55,14.50,15.65,13.42,0.00,0.12,0.33,0.00,0.27,0.53,0.00,0.04,0.20,72.00,76.96,66.15
Brentford,26.00,25.80,3.59,26.00,22.96,10.35,15.00,16.72,10.88,1321.00,1496.84,910.12,1.00,2.04,2.68,0.00,0.12,0.60,1.00,1.52,1.50,3.00,3.56,2.74,0.00,0.08,0.28,1.20,2.40,2.96,1.20,2.31,2.74,1.40,1.63,1.40,16.00,19.64,17.14,40.00,50.60,40.23,32.00,50.12,51.44,0.08,0.14,0.17,0.09,0.11,0.12,0.15,0.25,0.25,0.08,0.14,0.16,0.15,0.25,0.24,0.07,0.15,0.15,0.11,0.11,0.07,0.19,0.26,0.19,0.07,0.15,0.14,0.19,0.25,0.18,0.00,0.12,0.60,1.00,2.16,2.93,10.00,18.32,18.26,4.00,6.32,7.10,0.87,1.17,0.89,0.24,0.43,0.42,0.00,0.68,1.82,0.00,0.12,0.60,1.20,2.38,2.97,1.20,2.28,2.75,0.00,-0.22,1.12,0.00,-0.24,1.14,1997.00,1996.92,3.66,14.70,16.32,10.37,325.00,496.04,391.12,448.00,661.64,493.16,73.30,73.52,7.04,1748.00,3483.16,4603.35,169.00,222.60,159.85,208.00,262.36,182.60,86.40,84.93,7.70,116.00,206.40,198.35,152.00,252.92,219.46,78.40,78.14,10.61,26.00,54.52,80.14,56.00,108.44,165.24,1.00,1.36,1.44,1.00,1.52,1.42,-0.10,-0.27,0.80,10.00,12.72,11.36,29.00,38.60,31.76,10.00,12.76,11.16,2.00,3.80,4.97,409.00,590.28,435.86,49.00,68.60,98.09,6.00,17.56,33.60,1.00,2.76,3.84,3.00,4.52,5.64,16.00,25.96,29.15,15.00,27.76,30.12,0.00,6.44,15.95,0.00,2.80,7.61,0.00,1.76,4.11,0.00,0.40,1.19,325.00,496.04,391.12,2.00,2.76,2.44,13.00,13.64,8.92,24.00,31.16,25.09,2.26,2.02,1.03,18.00,21.84,17.14,0.00,3.68,8.15,1.00,1.28,1.62,2.00,2.16,2.17,1.00,1.64,2.12,0.00,0.56,0.71,3.00,3.04,2.91,0.13,0.22,0.22,2.00,2.24,2.24,0.00,0.20,0.58,0.00,0.12,0.33,0.00,0.24,0.44,0.00,0.24,0.52,0.00,0.00,0.00,17.00,25.60,20.26,12.00,15.44,12.45,128.00,310.36,382.25,281.00,325.00,248.77,162.00,202.92,157.07,8.00,11.96,9.88,19.00,26.80,24.61,10.00,14.84,16.38,15.00,18.16,14.39,3.00,5.44,7.42,10.00,12.72,10.66,9.00,14.64,15.18,29.00,40.24,34.16,17.00,34.72,43.32,0.00,0.64,1.11,620.00,831.60,572.40,32.00,113.20,253.83,24.00,38.08,34.11,620.00,831.48,572.35,14.00,21.88,18.75,8.00,9.12,6.68,7.00,10.12,10.73,358.00,430.76,295.39,1633.00,2193.04,1469.82,846.00,1134.28,845.64,15.00,18.72,16.95,11.00,13.44,12.73,3.00,6.04,9.09,17.00,21.44,17.71,8.00,10.40,9.10,417.00,489.12,329.72,32.00,50.04,51.46,15.00,16.32,11.17,5.00,9.68,10.05,5.00,6.36,6.32,1.00,4.60,7.94,11.00,16.44,13.30,2.00,2.84,3.93,16.00,25.96,29.15,9.00,14.64,15.18,12.00,15.44,12.45,0.00,0.12,0.33,0.00,0.04,0.20,0.00,0.00,0.00,60.00,73.16,52.27
Brighton,23.50,24.79,5.70,20.00,20.93,8.75,15.00,14.89,8.60,1344.50,1338.11,768.79,0.00,1.61,2.04,0.00,0.18,0.77,1.00,1.29,2.05,3.00,3.14,2.21,0.00,0.11,0.31,1.00,2.07,2.63,1.00,1.90,2.08,0.90,1.50,1.69,21.00,30.82,31.55,43.00,63.50,67.58,41.00,63.04,74.22,0.00,0.12,0.16,0.04,0.09,0.11,0.22,0.21,0.19,0.00,0.11,0.15,0.22,0.20,0.18,0.08,0.14,0.15,0.10,0.11,0.09,0.23,0.25,0.20,0.08,0.13,0.14,0.23,0.24,0.19,0.00,0.21,0.96,0.00,1.79,2.42,14.00,19.75,18.04,5.50,7.07,7.02,1.18,1.44,1.25,0.41,0.52,0.50,0.00,0.39,1.07,0.00,0.18,0.77,1.00,2.07,2.63,1.00,1.90,2.08,-0.30,-0.28,1.06,-0.30,-0.29,1.07,1999.50,1997.86,5.63,14.95,14.87,8.54,500.50,778.00,777.75,617.50,892.61,852.68,84.10,84.21,5.40,1599.50,4059.07,5040.55,304.00,412.82,380.96,328.00,444.79,395.86,91.60,91.58,4.35,167.00,294.68,342.53,192.50,325.39,363.41,86.50,86.29,7.65,18.50,46.29,59.36,28.50,77.29,99.39,1.00,1.29,2.05,0.90,1.56,1.91,-0.25,-0.21,0.90,9.50,15.29,19.74,23.00,53.00,66.59,7.50,13.71,16.60,1.00,2.89,5.67,561.50,832.11,795.20,35.00,57.50,68.49,6.00,18.25,30.39,1.50,2.21,2.28,1.00,2.71,4.27,7.00,23.96,46.41,6.50,19.29,26.43,0.00,7.36,25.10,0.00,3.07,10.69,0.00,2.61,10.81,0.00,0.18,0.67,500.50,778.00,777.75,2.00,3.00,2.64,9.50,11.68,9.27,23.00,36.00,37.72,2.55,2.43,1.30,16.00,26.71,24.71,0.00,3.11,10.16,0.50,1.93,3.28,1.00,2.50,3.25,0.00,1.36,2.18,0.00,0.39,0.57,2.00,3.18,3.87,0.15,0.20,0.18,2.00,2.11,2.30,0.00,0.18,0.55,0.00,0.32,0.98,0.00,0.32,0.61,0.00,0.21,0.57,0.00,0.04,0.19,19.50,22.96,17.42,13.50,13.07,11.21,132.50,337.04,422.03,285.00,466.75,474.60,151.00,240.75,228.86,9.00,10.93,9.78,18.00,23.39,18.04,9.50,12.46,9.67,11.50,15.50,14.07,2.00,4.96,8.47,9.50,10.54,8.97,8.50,10.29,8.94,29.00,33.25,24.66,13.00,21.43,22.93,0.00,0.75,1.14,719.00,1037.68,910.46,25.50,114.07,203.53,20.50,38.50,46.84,719.00,1037.46,910.33,17.00,25.50,31.34,6.00,10.57,12.94,6.00,11.50,15.36,466.50,678.04,618.18,2217.00,3313.89,2943.75,1026.50,1744.07,1669.23,21.00,30.82,31.55,16.50,20.79,18.30,2.50,9.57,17.51,15.00,20.46,18.78,6.50,12.18,13.99,512.00,769.04,717.06,41.00,63.04,74.22,15.00,14.89,8.60,5.50,8.54,9.27,5.00,6.04,4.52,3.00,4.68,5.37,12.50,16.21,14.45,1.50,2.96,4.06,7.00,23.96,46.41,8.50,10.29,8.94,13.50,13.07,11.21,0.00,0.21,0.57,0.00,0.21,0.42,0.00,0.07,0.26,43.50,62.39,45.85
Burnley,24.00,24.07,3.84,16.00,20.39,9.35,14.00,14.93,10.01,1213.00,1334.86,851.00,1.00,1.32,1.70,0.00,0.11,0.31,1.00,1.07,1.18,2.00,2.75,2.93,0.00,0.25,0.44,0.55,1.46,1.72,0.55,1.38,1.56,0.80,1.06,1.01,15.00,25.75,26.49,34.50,42.04,41.42,25.00,41.36,42.52,0.04,0.09,0.12,0.06,0.06,0.06,0.09,0.14,0.15,0.04,0.08,0.11,0.09,0.14,0.14,0.06,0.11,0.12,0.07,0.07,0.06,0.12,0.18,0.15,0.06,0.10,0.11,0.12,0.17,0.15,0.00,0.11,0.31,1.00,1.43,1.85,9.50,15.29,14.66,3.00,4.89,5.66,0.86,1.11,0.90,0.28,0.38,0.40,0.00,0.46,2.08,0.00,0.11,0.31,0.55,1.46,1.72,0.55,1.38,1.56,-0.15,-0.04,0.93,-0.15,-0.06,0.94,1999.00,1998.43,3.80,13.45,14.83,9.45,395.50,496.50,400.39,513.00,639.61,497.46,76.10,75.72,8.03,1825.00,2979.82,3614.98,189.50,224.64,171.38,222.50,258.61,192.66,85.65,86.31,7.55,146.50,214.46,196.65,183.50,250.96,217.11,78.75,80.19,10.74,29.00,47.25,56.80,49.50,98.29,148.17,1.00,1.07,1.18,0.55,0.96,0.92,-0.10,0.01,0.74,7.50,11.64,11.14,22.50,34.64,38.10,5.50,7.71,6.81,1.00,1.93,2.96,450.00,576.50,455.73,38.00,60.39,73.84,6.00,15.82,26.19,1.00,1.75,2.14,2.00,2.75,2.85,9.50,19.54,23.17,3.00,23.89,51.13,0.00,6.43,14.37,0.00,2.39,5.91,0.00,2.07,4.47,0.00,0.32,1.06,395.50,496.50,400.39,2.00,2.71,2.54,9.50,12.18,8.81,18.00,26.96,23.41,1.77,1.93,1.26,11.00,19.54,18.29,0.00,2.64,5.06,1.00,1.75,2.85,0.50,1.61,2.17,1.00,1.11,1.29,0.00,0.32,0.67,1.50,2.61,2.60,0.13,0.16,0.17,1.00,1.93,2.16,0.00,0.21,0.57,0.00,0.29,0.76,0.00,0.07,0.26,0.00,0.11,0.31,0.00,0.00,0.00,13.50,21.57,20.22,7.50,12.18,11.94,159.50,286.14,339.93,264.50,327.29,285.50,131.50,183.32,152.27,7.00,10.11,10.83,17.00,20.75,19.11,9.50,10.64,9.05,13.00,16.96,13.49,3.00,6.04,7.39,10.00,10.93,9.13,6.50,9.96,10.40,20.50,31.54,28.82,22.00,29.86,33.23,0.00,0.79,1.17,681.00,789.96,566.79,38.50,103.82,202.72,18.00,29.07,29.58,681.00,789.86,566.82,12.50,24.86,29.08,4.50,10.61,12.44,6.00,11.75,14.38,389.00,436.00,304.73,2397.50,2382.21,1637.56,1314.50,1260.57,925.74,15.00,25.75,26.49,12.00,16.32,15.48,2.00,8.57,13.08,14.00,18.43,18.57,8.00,10.54,10.25,434.50,490.57,344.34,25.00,41.36,42.52,14.00,14.93,10.01,8.00,9.11,9.35,4.50,5.46,4.84,4.00,5.25,5.69,9.50,12.57,11.65,1.50,2.71,3.76,9.50,19.54,23.17,6.50,9.96,10.40,7.50,12.18,11.94,0.00,0.11,0.31,0.00,0.25,0.59,0.00,0.11,0.31,50.50,61.54,47.77
Chelsea,22.00,23.00,3.91,23.00,21.88,9.40,18.00,16.72,11.07,1576.00,1495.12,951.17,1.00,2.60,3.86,0.00,0.44,1.80,1.00,2.04,2.72,3.00,4.32,3.38,0.00,0.16,0.47,1.10,3.02,4.99,1.10,2.64,4.19,1.20,2.08,2.53,22.00,34.88,37.54,46.00,64.44,63.63,35.00,63.80,71.86,0.09,0.18,0.22,0.08,0.12,0.14,0.20,0.30,0.29,0.08,0.16,0.19,0.16,0.28,0.26,0.08,0.18,0.19,0.08,0.12,0.11,0.27,0.29,0.25,0.08,0.16,0.17,0.27,0.28,0.23,0.00,0.48,1.83,1.00,3.04,5.10,13.00,21.44,25.64,4.00,7.76,10.55,1.38,1.37,1.07,0.26,0.45,0.44,0.00,0.88,2.42,0.00,0.44,1.80,1.10,3.02,4.99,1.10,2.64,4.19,0.00,0.02,1.70,0.00,-0.04,1.50,2001.00,1999.56,4.09,17.50,16.62,10.58,538.00,798.36,660.56,728.00,930.60,722.92,84.80,83.46,6.64,3518.00,4385.56,4050.05,278.00,398.60,322.83,302.00,433.20,341.08,91.80,90.96,5.10,250.00,325.76,310.72,257.00,360.88,326.48,88.80,85.77,10.18,32.00,54.44,53.73,66.00,92.88,87.00,1.00,2.04,2.72,1.00,1.72,1.98,-0.10,-0.04,0.86,9.00,16.68,18.46,30.00,53.80,56.22,7.00,14.08,16.67,1.00,2.04,3.05,629.00,859.60,692.19,57.00,67.60,55.61,13.00,19.84,19.59,2.00,4.64,6.87,1.00,4.04,6.67,10.00,22.32,27.18,6.00,24.40,38.51,0.00,8.08,17.15,0.00,3.12,7.17,0.00,2.20,4.38,0.00,0.16,0.55,538.00,798.36,660.56,2.00,3.40,4.11,6.00,13.76,12.75,23.00,39.00,41.25,2.15,2.27,1.39,18.00,28.72,29.42,1.00,2.44,4.19,1.00,3.04,5.27,1.00,1.84,2.53,1.00,1.96,2.47,0.00,1.00,1.83,3.00,5.32,6.27,0.20,0.32,0.36,2.00,3.56,4.53,0.00,0.28,1.02,0.00,0.44,0.96,0.00,0.40,0.65,0.00,0.48,0.92,0.00,0.16,0.47,21.00,26.24,25.34,12.00,14.88,14.10,183.00,373.64,366.96,324.00,479.56,447.67,164.00,261.36,248.53,9.00,12.84,12.46,19.00,24.96,23.03,7.00,12.12,12.25,13.00,17.76,15.91,3.00,6.52,7.61,8.00,11.24,10.79,8.00,11.92,12.11,25.00,38.16,36.67,14.00,31.20,35.70,0.00,0.96,1.34,886.00,1103.84,817.07,28.00,120.88,189.61,26.00,41.44,46.84,886.00,1103.36,816.70,15.00,34.64,39.23,9.00,15.84,17.99,7.00,14.56,17.68,509.00,662.40,503.96,3225.00,3370.88,2421.22,1734.00,1758.84,1266.62,22.00,34.88,37.54,14.00,21.72,21.07,3.00,11.64,17.53,17.00,24.00,23.37,7.00,14.72,16.99,633.00,792.20,615.82,35.00,63.80,71.86,18.00,16.72,11.07,9.00,10.68,9.63,4.00,5.16,3.73,3.00,3.72,3.95,12.00,17.96,17.62,1.00,3.40,5.75,10.00,22.32,27.18,8.00,11.92,12.11,12.00,14.88,14.10,0.00,0.44,0.82,0.00,0.20,0.41,0.00,0.12,0.33,54.00,73.76,61.51
Crystal Palace,25.50,25.17,4.28,22.50,22.46,9.48,17.50,17.42,10.99,1587.50,1566.00,910.74,0.00,2.17,3.86,0.00,0.17,0.48,1.00,1.79,2.11,2.50,3.04,2.60,0.00,0.08,0.28,0.60,2.05,2.98,0.60,1.92,2.68,1.00,1.61,1.71,14.50,21.08,21.16,40.50,48.96,38.63,17.50,48.38,58.32,0.00,0.11,0.21,0.04,0.10,0.13,0.08,0.21,0.30,0.00,0.10,0.19,0.08,0.20,0.28,0.04,0.12,0.14,0.07,0.10,0.11,0.12,0.21,0.22,0.04,0.11,0.13,0.12,0.21,0.21,0.00,0.17,0.48,0.00,2.33,4.30,9.50,18.83,21.86,2.00,6.75,9.46,0.57,1.25,1.27,0.17,0.40,0.47,0.00,0.83,2.58,0.00,0.17,0.48,0.60,2.05,2.98,0.60,1.92,2.68,0.00,0.29,1.55,0.00,0.25,1.45,1997.50,1997.50,4.41,17.65,17.41,10.12,479.50,537.38,419.08,599.50,697.00,526.33,77.00,76.38,8.47,2749.50,3532.50,3530.50,237.50,251.33,176.43,266.50,287.96,201.89,87.60,87.20,6.06,159.00,222.17,218.47,209.50,261.62,245.13,84.55,83.91,8.83,27.50,50.00,63.22,68.00,108.29,134.27,1.00,1.79,2.11,1.05,1.32,1.49,0.00,0.18,0.93,14.00,14.71,13.95,36.00,41.42,40.49,6.00,11.38,12.23,1.50,2.50,3.44,546.00,621.88,479.63,39.50,72.12,84.77,10.50,20.08,26.09,1.00,2.17,2.75,1.50,4.04,7.23,10.50,24.29,33.03,1.00,30.04,76.93,0.00,7.42,16.79,0.00,3.38,7.83,0.00,2.38,5.43,0.00,0.25,0.74,479.50,537.38,419.08,2.00,3.00,3.44,13.50,15.25,15.26,25.50,33.08,29.33,2.16,1.99,1.49,20.00,23.08,18.09,0.00,3.08,6.27,0.50,2.00,3.35,1.00,2.08,2.48,0.50,1.88,3.26,1.00,0.96,1.00,3.00,4.29,4.06,0.15,0.27,0.27,3.00,3.54,3.16,0.00,0.17,0.38,0.00,0.25,0.53,0.00,0.08,0.28,0.00,0.25,0.61,0.00,0.00,0.00,31.00,32.83,25.07,17.00,19.33,14.78,163.50,300.83,321.63,359.50,386.12,302.30,161.50,211.46,196.51,14.00,14.04,10.97,24.00,25.38,17.03,10.00,11.33,7.52,17.00,19.00,15.81,2.00,5.08,5.91,11.50,13.92,13.00,11.00,13.42,11.67,46.00,46.25,34.70,17.00,38.58,50.21,0.00,0.25,0.53,733.50,889.00,629.63,27.00,97.58,149.24,14.00,33.21,36.05,732.50,888.83,629.62,14.50,30.71,38.30,8.50,14.21,17.14,5.50,13.33,17.66,367.50,455.54,322.89,1886.00,2312.58,1756.28,875.00,1117.75,926.56,14.50,21.08,21.16,11.00,15.96,16.62,2.00,7.08,11.06,12.50,25.25,27.15,7.50,17.75,22.60,457.00,533.21,382.52,17.50,48.38,58.32,17.00,16.67,11.55,9.50,11.42,10.27,4.00,5.04,5.14,2.50,4.79,6.19,11.50,17.79,21.10,1.00,3.00,5.53,10.50,24.29,33.03,11.00,13.42,11.67,17.00,19.33,14.78,0.00,0.17,0.48,0.00,0.12,0.34,0.00,0.08,0.28,75.00,79.46,60.45
Everton,26.00,26.35,4.86,28.00,23.30,11.56,23.00,18.17,13.72,1884.00,1633.17,1156.48,1.00,1.65,1.87,0.00,0.09,0.42,0.00,0.74,1.45,2.00,3.57,3.15,0.00,0.04,0.21,1.50,2.44,3.13,1.50,2.34,2.86,1.10,1.82,1.95,14.00,21.52,21.62,38.00,50.70,40.21,39.00,48.65,46.20,0.09,0.11,0.12,0.00,0.03,0.06,0.09,0.14,0.13,0.09,0.10,0.11,0.09,0.13,0.12,0.11,0.20,0.27,0.10,0.11,0.08,0.20,0.31,0.29,0.11,0.20,0.26,0.20,0.31,0.28,0.00,0.13,0.46,1.00,2.00,2.22,25.00,23.30,19.33,4.00,7.04,7.01,1.25,1.56,1.12,0.37,0.53,0.44,0.00,0.65,1.23,0.00,0.09,0.42,1.70,2.63,3.19,1.70,2.53,2.93,-0.30,-0.63,1.73,-0.30,-0.62,1.75,1997.00,1996.30,4.91,20.90,18.73,12.33,393.00,504.65,384.14,550.00,690.35,509.50,69.40,70.81,7.59,2373.00,3881.43,5611.17,175.00,232.96,168.20,252.00,273.30,190.41,84.80,83.50,8.95,127.00,193.17,168.35,195.00,238.78,191.26,74.70,75.04,11.94,27.00,64.78,99.28,62.00,134.22,215.97,0.00,0.87,1.52,1.00,1.47,1.77,-0.90,-0.95,0.92,11.00,15.35,16.21,32.00,42.39,37.28,9.00,13.09,12.56,1.00,3.43,5.09,439.00,610.48,448.43,17.00,75.91,115.71,2.00,18.04,46.98,1.00,2.17,3.13,1.00,3.43,5.19,10.00,33.04,53.54,4.00,33.83,61.90,0.00,7.91,20.54,0.00,6.09,16.29,0.00,1.13,3.22,0.00,0.13,0.46,393.00,504.65,384.14,3.00,3.96,3.64,12.00,16.26,14.89,32.00,38.74,31.41,2.33,2.38,1.49,20.00,26.96,20.87,0.00,3.57,8.25,1.00,1.43,1.70,4.00,3.57,2.25,1.00,1.78,2.04,1.00,1.43,1.56,2.00,2.83,2.74,0.15,0.14,0.11,1.00,1.65,1.72,0.00,0.22,0.85,0.00,0.00,0.00,0.00,0.57,0.84,0.00,0.22,0.42,0.00,0.17,0.49,30.00,32.74,27.34,20.00,19.52,15.89,188.00,297.78,381.68,265.00,364.26,276.80,206.00,240.26,190.24,14.00,15.22,14.01,28.00,31.00,24.08,13.00,15.78,11.95,14.00,21.22,19.46,4.00,7.70,12.99,11.00,13.52,9.83,9.00,15.65,16.97,43.00,48.39,43.04,24.00,38.43,49.15,0.00,0.52,0.85,738.00,893.13,616.73,49.00,111.87,234.20,29.00,37.91,33.82,736.00,893.00,616.79,21.00,25.96,19.07,9.00,11.26,8.44,11.00,12.48,9.83,357.00,436.70,296.26,2068.00,2325.52,1704.88,794.00,1149.39,980.46,15.00,22.39,21.15,14.00,17.87,14.84,4.00,6.00,6.42,17.00,25.30,21.91,10.00,14.83,15.19,565.00,504.52,331.47,39.00,52.35,46.04,23.00,18.70,13.26,10.00,13.22,12.46,4.00,5.78,6.05,2.00,5.87,8.05,9.00,16.83,14.13,1.00,3.96,6.35,10.00,33.04,53.54,9.00,15.65,16.97,20.00,19.52,15.89,0.00,0.09,0.29,0.00,0.35,0.49,0.00,0.13,0.34,60.00,88.04,66.11
Fulham,27.00,27.90,3.36,29.00,27.24,7.99,18.00,19.90,10.08,1593.00,1773.71,834.25,2.00,2.48,2.50,0.00,0.10,0.44,1.00,1.86,2.24,3.00,3.90,2.68,0.00,0.19,0.40,1.60,2.47,2.32,1.60,2.40,2.26,0.80,1.58,1.81,15.00,31.57,32.48,60.00,62.86,46.73,48.00,68.62,63.83,0.10,0.18,0.19,0.06,0.11,0.17,0.17,0.29,0.28,0.10,0.17,0.19,0.17,0.28,0.28,0.11,0.16,0.15,0.10,0.10,0.08,0.19,0.26,0.21,0.11,0.16,0.15,0.19,0.25,0.21,0.00,0.10,0.44,1.00,2.33,2.52,14.00,21.38,20.19,5.00,7.48,7.00,1.04,1.40,1.12,0.47,0.55,0.53,0.00,0.67,1.65,0.00,0.10,0.44,1.50,2.23,2.27,1.50,2.16,2.20,0.00,0.10,0.83,0.00,0.08,0.87,1995.00,1994.71,3.38,16.70,18.62,10.00,912.00,734.62,482.36,1060.00,909.57,590.93,79.90,78.24,8.11,3797.00,4576.95,4409.38,277.00,314.14,203.13,307.00,352.86,227.32,89.10,87.95,6.75,309.00,329.67,254.58,400.00,376.57,275.09,82.80,81.70,11.35,53.00,72.33,64.16,98.00,130.48,134.38,1.00,1.76,2.28,0.90,1.42,1.56,0.00,0.19,1.17,11.00,15.86,19.50,45.00,48.86,33.78,9.00,14.71,17.38,2.00,4.14,6.11,1010.00,824.62,516.66,38.00,82.57,104.75,17.00,21.95,23.45,1.00,2.48,3.39,2.00,5.29,5.78,10.00,32.43,53.50,2.00,31.95,82.27,0.00,10.33,32.70,0.00,3.52,10.80,0.00,4.76,16.20,0.00,0.05,0.22,912.00,734.62,482.36,2.00,2.38,1.96,13.00,18.43,17.76,27.00,37.29,35.81,1.97,2.37,1.88,19.00,27.10,24.83,0.00,3.81,10.65,1.00,1.67,1.62,3.00,2.90,2.81,0.00,1.14,1.93,0.00,0.67,0.86,2.00,4.00,4.49,0.19,0.26,0.30,1.00,3.05,3.87,0.00,0.29,0.96,0.00,0.19,0.40,0.00,0.29,0.64,0.00,0.14,0.36,0.00,0.05,0.22,22.00,30.81,34.55,14.00,17.29,18.22,214.00,399.29,430.23,488.00,463.10,309.15,182.00,238.90,224.41,11.00,15.95,23.07,21.00,31.10,36.03,12.00,15.14,14.79,16.00,20.05,15.78,3.00,5.57,5.42,10.00,14.48,13.44,11.00,16.90,19.18,37.00,47.71,51.16,19.00,34.90,34.21,0.00,0.67,1.11,1206.00,1091.86,667.64,34.00,131.81,274.18,29.00,36.24,30.54,1206.00,1091.76,667.60,20.00,22.14,20.41,9.00,10.90,9.89,6.00,9.19,9.20,739.00,617.38,366.61,3258.00,3171.67,2037.45,1513.00,1608.24,1141.64,12.00,26.67,27.61,12.00,20.38,20.68,2.00,5.95,7.09,19.00,22.38,16.84,10.00,14.00,11.82,811.00,719.38,404.88,40.00,60.67,60.21,17.00,18.81,10.73,6.00,11.24,10.83,5.00,7.10,6.44,3.00,4.29,4.27,11.00,16.76,14.61,2.00,2.33,2.90,10.00,32.43,53.50,11.00,16.90,19.18,14.00,17.29,18.22,0.00,0.10,0.30,0.00,0.38,0.80,0.00,0.19,0.51,65.00,80.19,58.57
Liverpool,24.00,25.32,3.82,28.00,25.86,8.99,17.00,18.95,8.28,1671.00,1694.41,706.08,2.00,3.36,3.98,0.00,0.27,1.08,2.00,2.73,2.83,2.00,3.09,2.81,0.00,0.23,0.43,2.30,4.10,5.62,2.15,3.75,4.79,1.65,2.93,3.01,41.00,41.86,32.06,91.50,95.59,62.59,80.50,94.59,93.89,0.12,0.18,0.22,0.10,0.15,0.15,0.24,0.33,0.33,0.12,0.17,0.20,0.24,0.32,0.31,0.11,0.19,0.22,0.13,0.14,0.12,0.25,0.34,0.31,0.10,0.18,0.20,0.24,0.32,0.29,0.00,0.41,1.50,2.00,3.64,4.66,21.00,35.41,33.88,7.00,11.95,14.01,1.45,1.73,1.38,0.36,0.58,0.60,0.00,0.82,1.82,0.00,0.27,1.08,2.30,4.10,5.62,2.15,3.75,4.79,-0.30,-0.46,1.98,-0.30,-0.39,1.85,1998.00,1997.36,3.90,18.55,18.82,7.85,861.50,923.00,569.28,1042.50,1104.00,638.40,82.70,82.16,6.17,4071.00,5386.32,4578.41,419.00,437.09,245.09,462.00,481.50,262.02,90.95,90.35,5.18,276.00,391.00,290.93,327.00,442.41,305.09,86.55,85.87,8.40,61.50,74.32,65.41,98.00,127.73,118.53,2.00,2.73,2.83,1.45,2.53,2.26,-0.10,-0.20,1.78,19.00,27.18,22.73,63.00,75.59,60.72,19.00,22.95,19.09,2.00,3.64,4.82,975.50,1018.18,585.36,36.50,81.27,90.86,11.50,19.95,22.89,3.00,4.59,5.93,4.00,6.59,7.91,18.50,37.14,53.32,10.50,34.32,54.13,0.00,13.05,26.79,0.00,3.91,8.81,0.00,7.77,16.30,0.00,0.09,0.43,861.50,923.00,569.28,3.50,4.55,3.79,16.50,16.68,11.30,52.50,63.05,45.51,3.50,3.21,1.69,43.00,47.50,32.76,0.50,5.27,10.24,2.00,3.00,3.83,3.00,4.55,5.65,1.00,1.95,2.24,0.00,0.77,0.97,4.50,5.95,5.50,0.27,0.31,0.28,3.50,4.36,3.85,0.00,0.36,0.79,0.00,0.41,0.96,0.00,0.45,0.86,0.00,0.32,0.57,0.00,0.05,0.21,27.00,30.41,19.81,18.00,18.86,11.67,267.00,334.86,340.08,519.00,622.41,448.58,299.00,355.82,263.88,11.50,15.32,12.68,24.50,34.45,28.83,14.50,19.14,17.85,19.50,21.27,14.20,2.00,4.82,7.51,15.50,16.45,12.48,11.50,13.18,10.90,40.50,43.59,28.83,12.50,26.41,31.23,0.00,0.86,1.42,1240.00,1301.77,691.59,42.00,99.50,172.20,38.00,64.32,69.84,1240.00,1301.36,691.53,29.50,33.23,31.91,14.00,15.05,15.05,12.00,14.86,14.71,870.00,809.77,406.57,3829.50,4179.59,2026.26,2033.00,2183.50,1078.20,41.00,41.86,32.06,29.00,31.45,19.75,6.50,13.32,19.92,21.50,25.73,21.55,10.50,18.23,19.14,906.00,915.73,482.07,80.50,94.59,93.89,17.00,18.95,8.28,10.50,11.27,8.49,5.00,6.91,6.33,2.50,4.86,7.17,13.50,16.82,12.95,1.00,4.55,8.31,18.50,37.14,53.32,11.50,13.18,10.90,18.00,18.86,11.67,0.00,0.36,0.66,0.00,0.05,0.21,0.00,0.09,0.29,79.50,92.00,49.49
Luton Town,26.00,26.32,3.05,23.00,22.84,9.16,16.00,16.72,10.16,1304.00,1500.84,865.70,1.00,1.76,2.40,0.00,0.20,1.00,0.00,1.32,1.99,3.00,2.80,2.02,0.00,0.00,0.00,1.00,1.75,2.50,1.00,1.59,1.94,0.70,1.20,1.45,15.00,27.00,31.27,37.00,44.44,36.32,21.00,43.72,49.71,0.07,0.13,0.17,0.00,0.08,0.10,0.18,0.21,0.21,0.07,0.12,0.16,0.18,0.20,0.21,0.06,0.11,0.11,0.06,0.07,0.06,0.14,0.18,0.15,0.06,0.10,0.11,0.14,0.18,0.14,0.00,0.20,1.00,1.00,1.96,2.92,11.00,17.08,17.86,3.00,5.36,6.47,0.80,1.10,0.86,0.25,0.35,0.32,0.00,0.44,1.29,0.00,0.20,1.00,1.00,1.75,2.50,1.00,1.59,1.94,-0.10,0.21,1.01,-0.10,0.17,1.06,1996.00,1996.16,3.08,14.50,16.67,9.62,369.00,440.32,315.31,513.00,602.00,437.32,72.40,72.65,7.82,1636.00,3236.36,4474.24,180.00,198.32,137.72,203.00,230.92,156.02,86.90,85.03,6.35,136.00,176.92,133.46,189.00,216.40,152.78,77.50,77.96,10.00,32.00,51.24,76.68,57.00,114.56,193.21,0.00,1.32,1.99,0.60,1.10,1.24,-0.10,0.12,1.00,8.00,12.60,15.32,27.00,33.32,30.41,6.00,10.00,9.99,1.00,3.60,5.59,475.00,524.64,343.03,28.00,74.72,131.27,6.00,19.84,36.71,0.00,0.88,1.54,2.00,4.44,5.61,13.00,33.64,68.00,7.00,28.08,56.52,0.00,8.12,30.09,0.00,3.72,13.21,0.00,4.04,15.98,0.00,0.20,1.00,369.00,440.32,315.31,2.00,2.64,3.00,10.00,16.52,15.72,19.00,29.96,30.88,1.67,1.73,1.06,13.00,20.16,18.04,0.00,2.92,9.49,1.00,2.36,3.57,1.00,2.20,2.61,1.00,1.84,2.87,0.00,0.48,0.82,2.00,3.24,4.10,0.16,0.17,0.17,1.00,1.84,2.12,0.00,0.28,1.06,0.00,0.24,0.52,0.00,0.64,0.99,0.00,0.24,0.83,0.00,0.00,0.00,21.00,26.12,17.89,13.00,14.72,10.35,160.00,279.84,320.16,320.00,315.48,230.77,119.00,198.48,191.27,11.00,11.96,8.66,22.00,24.60,17.68,11.00,12.64,10.69,22.00,19.72,12.40,6.00,7.32,7.12,11.00,12.40,8.87,8.00,13.00,13.12,27.00,39.12,29.33,22.00,36.56,32.23,0.00,0.84,1.11,694.00,784.12,501.96,51.00,104.72,219.40,20.00,31.20,33.32,694.00,783.92,501.84,16.00,30.84,33.12,7.00,14.16,17.44,7.00,13.24,13.89,385.00,401.88,262.54,2122.00,2395.08,1816.22,1099.00,1191.04,990.73,15.00,27.00,31.27,9.00,19.20,19.30,2.00,6.76,10.39,18.00,23.16,19.14,10.00,15.36,15.82,439.00,435.20,277.99,21.00,43.72,49.71,16.00,16.72,10.16,8.00,10.40,9.69,4.00,6.12,6.02,2.00,3.08,4.08,12.00,17.92,16.25,1.00,2.68,4.06,13.00,33.64,68.00,8.00,13.00,13.12,13.00,14.72,10.35,0.00,0.08,0.40,0.00,0.16,0.37,0.00,0.16,0.47,64.00,74.60,49.61
Manchester City,27.00,26.00,4.02,29.00,24.95,9.35,24.00,19.90,11.33,2042.00,1785.57,948.83,2.00,4.05,5.76,0.00,0.43,1.57,1.00,3.24,3.78,2.00,2.52,2.52,0.00,0.10,0.30,1.90,3.90,6.65,1.90,3.52,5.37,1.40,2.83,3.24,37.00,53.48,51.46,100.00,97.33,88.08,55.00,96.57,93.56,0.15,0.19,0.23,0.09,0.16,0.19,0.22,0.36,0.35,0.15,0.18,0.19,0.22,0.34,0.32,0.11,0.18,0.23,0.12,0.16,0.19,0.19,0.34,0.33,0.11,0.17,0.19,0.19,0.32,0.31,0.00,0.48,1.78,2.00,4.48,6.91,20.00,32.05,35.17,5.00,12.43,15.26,1.19,1.46,1.22,0.44,0.55,0.52,0.00,1.19,3.11,0.00,0.43,1.57,1.90,3.86,6.66,1.90,3.49,5.39,0.00,0.61,2.30,0.00,0.56,2.38,1995.00,1996.67,4.07,22.70,19.70,10.72,1011.00,1159.43,890.25,1234.00,1307.62,959.72,87.10,86.28,5.94,3526.00,5328.00,5166.78,452.00,605.57,443.67,507.00,644.71,465.44,94.40,92.93,4.79,322.00,446.33,389.27,335.00,486.81,409.18,89.70,89.36,6.59,46.00,78.43,85.64,96.00,118.52,113.78,1.00,3.14,3.84,1.90,2.88,2.66,-0.10,0.31,1.62,18.00,25.62,24.04,53.00,89.90,97.49,15.00,22.19,20.66,1.00,2.90,4.18,1069.00,1230.43,923.75,65.00,75.05,69.23,23.00,21.81,18.39,2.00,4.00,4.64,3.00,6.33,8.66,11.00,32.33,44.31,6.00,28.76,54.01,0.00,13.48,32.07,0.00,5.33,12.17,0.00,3.14,8.78,0.00,0.33,1.15,1011.00,1159.43,890.25,2.00,2.14,2.13,14.00,17.76,14.19,54.00,59.43,48.65,2.09,3.14,2.07,40.00,46.86,38.48,1.00,3.19,6.95,2.00,3.05,4.21,2.00,3.10,3.14,2.00,2.43,2.40,0.00,0.81,1.57,6.00,7.81,7.12,0.35,0.40,0.45,4.00,5.76,5.39,0.00,0.24,0.70,0.00,0.62,0.92,0.00,0.48,0.81,0.00,0.62,0.92,0.00,0.10,0.30,24.00,24.62,20.30,13.00,14.52,12.21,226.00,333.10,354.67,473.00,678.67,635.44,395.00,477.19,380.23,8.00,10.62,9.17,20.00,21.67,17.98,7.00,11.05,9.71,14.00,16.57,12.40,1.00,3.52,4.97,13.00,13.05,10.10,9.00,11.38,9.83,26.00,36.00,28.92,14.00,21.38,22.97,0.00,0.81,1.17,1283.00,1479.24,1038.46,33.00,102.62,209.37,38.00,68.19,69.89,1283.00,1478.76,1038.78,30.00,34.52,40.21,11.00,17.95,21.20,7.00,13.10,15.86,879.00,950.52,666.82,4459.00,4948.76,3366.12,2353.00,2730.71,1973.27,37.00,52.29,52.36,46.00,40.33,28.52,5.00,19.33,33.67,14.00,20.19,19.39,13.00,16.62,14.15,937.00,1143.57,828.92,46.00,94.29,95.12,24.00,19.81,11.43,15.00,14.24,10.15,4.00,4.62,4.08,4.00,6.67,7.85,18.00,19.24,14.60,1.00,2.00,2.43,11.00,32.33,44.31,9.00,11.38,9.83,13.00,14.52,12.21,0.00,0.38,0.74,0.00,0.19,0.40,0.00,0.05,0.22,72.00,82.19,57.68
Manchester Utd,25.50,25.27,4.41,22.00,21.50,10.05,15.00,16.04,11.04,1351.50,1440.38,957.02,1.00,1.96,2.72,0.00,0.23,0.86,1.00,1.35,1.72,2.50,3.19,2.28,0.00,0.04,0.20,0.85,2.19,3.02,0.85,1.98,2.57,0.90,1.53,2.40,14.00,28.77,38.94,52.00,56.65,58.38,32.50,56.08,71.13,0.07,0.13,0.17,0.07,0.09,0.11,0.16,0.22,0.19,0.07,0.13,0.16,0.16,0.21,0.19,0.08,0.12,0.12,0.07,0.09,0.09,0.19,0.21,0.17,0.08,0.12,0.12,0.19,0.21,0.16,0.00,0.27,1.04,1.00,2.19,3.15,7.00,20.81,27.64,3.50,7.00,9.52,0.87,1.15,1.01,0.25,0.42,0.40,0.00,0.58,2.18,0.00,0.23,0.86,0.85,2.19,3.02,0.85,1.98,2.57,0.00,0.00,1.07,0.00,-0.02,1.07,1996.50,1997.38,4.39,15.05,16.01,10.63,568.50,604.62,414.88,703.00,748.50,537.86,81.65,81.60,5.31,2378.50,3501.23,4038.55,288.50,302.00,194.09,327.00,339.35,220.23,89.20,89.80,4.58,196.50,228.65,175.06,235.00,266.04,203.25,84.90,83.81,7.67,31.00,52.08,67.21,56.00,96.77,147.21,1.00,1.35,1.72,0.60,1.32,2.00,-0.10,-0.19,0.99,9.00,16.54,23.02,33.50,46.08,42.21,6.00,12.88,18.17,0.50,1.92,3.60,675.00,681.15,468.13,30.00,63.88,82.60,7.00,14.27,19.03,1.00,2.81,5.91,2.00,3.81,5.03,6.00,22.81,45.59,3.00,24.73,55.16,0.00,8.58,29.72,0.00,2.69,9.16,0.00,3.31,10.94,0.00,0.38,1.60,568.50,604.62,414.88,2.00,3.46,4.66,8.50,14.27,15.44,21.50,37.85,45.26,2.02,2.32,1.47,18.50,28.50,30.98,0.00,3.00,9.47,0.00,2.12,4.07,0.50,2.00,3.24,1.00,1.42,2.58,0.00,0.81,1.10,2.00,3.73,4.83,0.17,0.19,0.17,1.50,2.62,3.30,0.00,0.12,0.59,0.00,0.31,0.68,0.00,0.27,0.60,0.00,0.23,0.51,0.00,0.19,0.49,18.50,25.81,23.19,12.50,15.65,14.42,226.00,314.73,339.32,374.00,377.19,274.78,136.50,234.65,264.89,9.50,13.27,13.46,19.00,27.27,26.62,9.00,14.00,14.97,18.00,20.38,16.92,6.00,7.96,8.58,8.50,12.42,11.72,7.00,11.88,11.56,27.50,37.69,32.67,20.00,34.00,31.39,0.00,0.46,0.71,911.50,919.04,631.73,55.00,112.85,235.85,16.50,39.08,54.52,911.50,918.77,631.19,11.00,26.46,33.72,5.50,11.81,14.14,4.00,11.50,16.08,532.00,534.73,357.60,2522.50,2882.31,2021.79,1314.00,1514.58,1157.77,14.00,28.77,38.94,12.50,19.81,20.50,2.00,10.38,22.98,10.00,18.50,18.68,9.50,13.00,13.00,571.50,597.12,401.91,32.50,56.08,71.13,15.00,16.04,11.04,7.00,10.23,10.76,5.00,5.46,4.07,3.00,3.58,3.55,9.50,12.96,12.33,1.50,3.46,4.90,6.00,22.81,45.59,7.00,11.88,11.56,12.50,15.65,14.42,0.00,0.23,0.51,0.00,0.27,0.45,0.00,0.04,0.20,68.50,70.69,50.51
Newcastle Utd,25.50,26.12,4.88,21.00,22.88,8.68,14.50,17.33,10.77,1296.50,1557.42,896.05,1.50,3.12,3.81,0.00,0.33,1.09,1.00,2.29,3.16,2.00,3.21,2.90,0.00,0.04,0.20,1.35,3.24,4.56,1.35,2.94,3.69,1.05,2.17,2.37,21.50,30.54,31.52,52.50,64.58,63.59,57.00,64.25,58.64,0.14,0.22,0.25,0.07,0.12,0.15,0.21,0.34,0.30,0.14,0.20,0.21,0.21,0.32,0.27,0.13,0.20,0.24,0.11,0.12,0.11,0.29,0.33,0.27,0.13,0.19,0.20,0.29,0.31,0.24,0.00,0.38,1.28,1.50,3.46,4.75,16.00,22.54,21.74,4.00,8.17,9.25,1.29,1.41,1.09,0.42,0.58,0.66,0.00,0.38,1.01,0.00,0.33,1.09,1.35,3.24,4.56,1.35,2.94,3.69,0.25,0.22,0.94,0.25,0.18,0.93,1996.50,1996.29,4.83,14.40,17.30,9.96,503.50,667.00,523.98,603.50,821.50,639.66,81.45,80.19,5.98,2959.00,3988.08,3782.68,249.00,318.17,225.92,277.50,357.33,253.45,89.30,89.19,4.59,197.00,277.92,252.10,228.00,320.92,285.36,85.20,84.45,8.45,25.50,56.08,67.56,57.00,103.04,118.65,1.00,2.29,3.16,1.10,1.81,1.99,-0.05,0.13,1.17,11.00,17.62,18.91,37.00,45.79,45.19,12.00,15.83,17.53,2.00,3.17,4.54,524.50,746.17,585.09,42.00,72.92,93.24,9.50,21.33,30.53,1.00,3.54,5.66,2.00,5.54,9.57,11.00,27.00,46.88,5.50,28.12,51.26,0.50,8.00,24.40,0.00,3.12,9.19,0.00,2.50,8.24,0.00,0.38,1.64,503.50,667.00,523.98,2.00,2.42,3.02,13.50,15.04,11.30,30.00,40.79,39.49,2.37,2.30,1.24,23.00,29.54,27.13,0.00,2.88,6.63,2.00,3.00,3.78,2.00,2.79,3.12,1.00,1.92,2.92,0.00,0.67,1.37,4.00,6.00,6.70,0.34,0.35,0.25,3.00,3.75,3.55,0.00,0.29,0.75,0.00,0.75,1.39,0.00,0.54,0.98,0.00,0.54,1.18,0.00,0.12,0.34,22.00,27.33,22.89,13.50,16.21,13.48,209.50,333.54,333.95,302.00,419.92,368.61,206.00,249.46,218.63,11.50,12.46,11.19,25.50,28.21,24.17,12.00,15.75,13.53,17.00,20.58,16.90,2.50,6.29,9.26,13.50,14.29,12.01,8.00,11.83,11.60,31.00,39.17,32.91,17.00,28.21,34.91,0.00,0.67,0.96,717.00,993.46,733.15,36.50,100.25,148.22,37.00,45.54,39.92,714.50,993.12,733.29,22.00,30.33,36.19,10.00,14.79,17.88,8.00,11.96,13.55,401.00,565.04,433.05,2225.50,3042.79,2442.27,1293.50,1514.92,1210.53,21.50,30.54,31.52,16.50,21.08,20.53,5.00,10.12,14.03,16.50,21.04,18.99,12.50,16.67,16.48,473.00,662.42,512.55,57.00,64.25,58.64,14.50,17.33,10.77,8.00,11.29,9.68,3.50,5.54,4.71,0.00,3.58,5.69,15.00,19.46,23.77,1.00,2.42,4.02,11.00,27.00,46.88,8.00,11.83,11.60,13.50,16.21,13.48,0.00,0.38,1.28,0.00,0.17,0.48,0.00,0.04,0.20,63.00,76.12,57.25
Nott'ham Forest,25.50,25.90,3.88,20.00,19.00,9.96,15.00,13.93,8.64,1439.00,1248.77,772.05,0.00,1.60,3.09,0.00,0.03,0.18,1.00,1.43,2.39,2.00,2.73,2.33,0.00,0.10,0.31,0.70,1.68,2.65,0.70,1.65,2.59,0.85,1.53,2.24,10.00,20.07,29.05,35.50,40.30,37.11,14.00,37.33,54.09,0.00,0.09,0.17,0.05,0.09,0.11,0.07,0.17,0.22,0.00,0.08,0.17,0.07,0.17,0.22,0.07,0.10,0.13,0.06,0.08,0.08,0.14,0.19,0.18,0.07,0.10,0.13,0.14,0.18,0.18,0.00,0.03,0.18,0.00,1.80,3.17,9.00,16.50,18.44,1.50,5.40,7.42,0.77,1.04,0.76,0.21,0.31,0.36,0.00,0.23,0.82,0.00,0.03,0.18,0.80,2.01,3.06,0.80,1.98,3.02,-0.10,-0.21,1.64,-0.10,-0.22,1.65,1997.00,1996.73,3.96,16.10,14.56,8.47,373.00,410.97,266.92,513.00,543.93,354.73,75.40,75.62,6.94,2066.50,2819.77,2512.74,186.00,193.50,130.41,227.00,225.80,153.30,86.35,86.18,7.43,145.00,163.27,116.37,172.50,201.50,138.71,79.95,80.23,11.43,32.00,42.50,44.00,48.50,84.43,90.64,1.00,1.77,2.84,0.60,1.08,1.52,0.00,0.23,0.93,7.00,12.30,16.00,25.00,31.07,28.40,5.00,9.43,11.06,0.00,2.37,4.01,421.00,486.73,323.48,31.00,54.53,60.28,7.00,13.63,20.01,1.00,1.77,3.28,1.00,2.80,4.66,6.00,22.03,37.95,3.00,22.47,37.68,0.00,4.93,17.93,0.00,2.67,8.44,0.00,1.83,8.20,0.00,0.00,0.00,373.00,410.97,266.92,2.00,2.67,2.70,9.50,11.63,11.01,17.00,28.10,31.30,1.66,1.79,1.20,14.50,20.50,20.48,0.00,2.23,7.01,0.00,1.70,2.55,1.00,2.03,2.28,0.00,1.13,1.81,0.00,0.50,0.68,2.00,3.33,4.29,0.19,0.21,0.20,2.00,2.67,3.58,0.00,0.17,0.59,0.00,0.20,0.61,0.00,0.13,0.35,0.00,0.07,0.25,0.00,0.10,0.31,21.00,25.00,20.65,13.50,14.77,12.32,180.00,247.07,210.60,292.50,285.90,220.81,112.50,173.83,194.70,10.50,11.17,9.52,24.50,21.10,16.79,7.50,9.93,8.42,12.00,17.30,14.14,3.00,5.60,6.34,7.00,11.70,10.34,9.00,11.33,10.44,30.00,36.33,29.55,25.00,32.67,35.30,0.00,0.47,0.82,622.00,699.23,454.87,44.50,83.50,113.53,13.00,30.93,39.39,622.00,699.20,454.78,10.50,22.17,29.07,5.00,9.93,12.51,5.00,10.07,13.82,287.00,359.67,251.34,1182.00,1940.80,1602.08,617.00,1033.93,928.48,11.50,23.03,32.16,10.00,14.17,17.27,1.00,6.70,12.90,10.00,18.60,19.99,7.50,10.07,10.84,345.00,415.23,292.30,21.00,46.63,71.22,15.50,14.60,8.54,8.00,8.83,7.22,5.00,5.37,4.31,3.50,5.03,5.42,7.50,13.10,15.37,0.50,2.93,4.73,6.00,22.03,37.95,9.00,11.33,10.44,13.50,14.77,12.32,0.00,0.03,0.18,0.00,0.13,0.35,0.00,0.07,0.25,53.50,62.33,46.07
Sheffield Utd,24.00,25.17,4.26,14.50,18.80,10.58,11.00,13.93,10.55,940.50,1247.10,943.25,0.00,0.87,1.55,0.00,0.17,0.46,0.00,0.60,1.33,2.00,3.37,3.11,0.00,0.17,0.46,0.45,1.32,1.90,0.40,1.19,1.66,0.45,0.87,1.25,7.00,11.40,13.34,16.50,29.43,30.05,18.00,29.07,33.77,0.00,0.06,0.12,0.00,0.03,0.06,0.00,0.09,0.17,0.00,0.04,0.10,0.00,0.08,0.14,0.06,0.09,0.12,0.04,0.07,0.09,0.11,0.17,0.16,0.04,0.09,0.11,0.11,0.16,0.15,0.00,0.17,0.46,0.00,1.03,1.83,6.50,12.00,13.64,1.50,3.90,4.79,0.57,0.87,0.80,0.18,0.29,0.34,0.00,0.27,1.14,0.00,0.17,0.46,0.45,1.32,1.90,0.40,1.19,1.66,-0.20,-0.29,0.54,-0.30,-0.32,0.56,1998.50,1997.50,4.24,10.45,13.86,10.47,217.00,317.00,273.21,308.50,449.37,381.77,71.05,69.93,7.47,1101.50,2376.10,3210.01,112.00,149.27,122.01,132.00,177.93,142.16,85.30,83.34,8.81,71.50,124.33,124.45,94.50,156.27,151.12,78.55,75.88,12.40,15.00,34.80,52.06,41.00,87.60,139.72,0.00,0.60,1.33,0.40,0.71,0.93,-0.20,-0.27,0.55,3.50,8.57,13.50,17.50,23.37,23.43,4.50,6.60,8.17,1.00,1.60,2.13,269.50,391.30,328.91,20.50,55.93,82.64,2.00,12.67,25.69,0.00,0.83,1.44,1.00,1.73,2.70,6.00,14.23,23.64,1.50,22.13,42.94,0.00,4.70,15.40,0.00,2.33,8.36,0.00,1.57,5.98,0.00,0.20,0.81,217.00,317.00,273.21,2.00,2.13,2.26,9.00,10.60,9.11,12.00,20.03,23.20,1.39,1.53,0.98,8.00,14.17,15.55,0.00,1.97,4.55,0.00,1.30,2.58,1.00,1.50,1.74,0.00,0.73,1.17,0.00,0.37,0.67,1.00,1.60,2.57,0.03,0.11,0.14,0.00,1.07,2.02,0.00,0.07,0.25,0.00,0.13,0.43,0.00,0.20,0.41,0.00,0.10,0.31,0.00,0.03,0.18,17.50,23.60,26.14,9.00,13.50,15.90,127.00,238.03,281.84,177.50,237.57,213.42,98.50,127.37,119.80,6.50,9.93,10.82,14.00,21.10,20.78,7.00,11.17,10.97,12.50,17.03,15.81,3.00,6.00,8.27,6.50,11.03,9.75,7.50,11.60,11.89,23.50,35.20,36.59,19.00,34.73,41.68,0.00,0.60,1.28,412.50,597.00,483.15,31.00,93.77,178.87,10.00,21.47,22.50,412.50,596.83,483.12,13.00,19.23,21.76,5.00,8.33,9.52,5.50,9.47,11.48,219.50,276.77,212.94,1137.00,1441.00,1152.10,567.50,677.50,592.12,7.00,11.40,13.34,6.50,9.50,9.39,2.50,4.23,6.04,10.50,16.23,16.30,7.50,10.73,11.43,244.00,314.27,246.20,18.00,29.07,33.77,11.00,13.93,10.55,7.00,8.77,9.42,4.50,4.87,3.77,2.00,4.30,5.18,10.50,10.60,7.69,1.00,2.13,3.17,6.00,14.23,23.64,7.50,11.60,11.89,9.00,13.50,15.90,0.00,0.10,0.31,0.00,0.23,0.43,0.00,0.23,0.50,39.00,54.47,47.06
Tottenham,25.50,25.12,3.53,27.50,23.75,10.93,15.50,17.42,12.69,1401.00,1554.29,1045.63,1.50,2.75,3.82,0.00,0.08,0.41,1.00,2.42,3.31,3.00,3.71,2.84,0.00,0.17,0.48,1.65,2.86,3.45,1.65,2.80,3.28,0.85,2.40,3.24,23.00,39.79,39.77,71.50,87.58,68.79,33.00,87.00,109.00,0.08,0.13,0.17,0.10,0.19,0.26,0.18,0.32,0.33,0.08,0.13,0.17,0.18,0.32,0.33,0.11,0.17,0.16,0.08,0.16,0.18,0.24,0.33,0.28,0.11,0.16,0.15,0.24,0.33,0.27,0.00,0.08,0.41,1.50,2.83,4.11,15.50,24.12,23.99,5.00,8.58,10.06,1.56,1.48,1.07,0.35,0.46,0.41,0.00,0.46,1.14,0.00,0.08,0.41,1.65,2.86,3.45,1.65,2.80,3.28,-0.25,-0.03,2.00,-0.25,-0.05,1.95,1997.50,1997.54,3.43,15.60,17.28,11.62,826.50,857.04,634.89,944.00,1004.29,722.45,86.25,83.97,7.37,3203.00,4623.79,4504.21,414.50,441.08,313.10,437.00,482.04,337.50,91.50,90.30,5.12,288.00,347.08,305.56,350.00,387.96,322.78,88.30,86.51,9.16,30.50,45.21,42.42,45.00,79.08,89.23,1.00,2.42,3.31,1.45,2.17,2.38,0.00,0.02,1.44,10.00,19.17,22.46,43.00,65.58,58.86,12.00,18.92,21.44,1.00,2.71,4.48,851.50,919.92,648.90,36.50,80.92,109.41,8.50,26.46,31.92,2.00,3.79,5.13,1.00,2.46,3.37,13.00,29.58,47.96,8.00,30.08,70.26,0.00,9.75,27.64,0.00,3.88,11.46,0.00,2.92,9.89,0.00,0.04,0.20,826.50,857.04,634.89,3.00,3.46,3.37,17.50,20.00,18.15,32.50,43.75,44.38,2.47,2.93,2.19,24.00,34.08,33.09,0.00,2.50,7.03,1.00,2.46,3.28,1.50,2.50,2.80,0.50,1.29,2.20,0.00,0.92,1.32,3.00,5.08,5.31,0.28,0.38,0.39,2.50,4.00,4.08,0.00,0.29,0.75,0.00,0.29,0.75,0.00,0.21,0.41,0.00,0.12,0.34,0.00,0.17,0.38,23.50,30.08,26.49,15.00,18.75,16.75,170.50,353.71,423.11,465.50,508.29,420.46,249.50,332.29,305.87,11.50,15.00,14.74,22.50,28.75,27.00,11.50,13.75,13.65,16.00,18.42,15.58,3.50,5.42,6.28,11.50,13.00,11.86,10.00,14.75,13.02,35.00,44.83,38.54,17.50,29.21,31.99,1.00,1.00,1.32,1098.50,1183.42,819.57,37.00,115.83,256.42,21.50,54.54,64.89,1098.50,1183.33,819.55,22.00,33.54,33.11,10.50,14.92,13.53,8.50,14.92,17.01,661.50,749.54,516.51,3584.50,3851.04,2611.07,1932.00,1935.54,1417.43,23.00,39.79,39.77,21.00,26.29,21.28,4.00,14.50,22.17,15.00,22.92,21.88,10.50,15.50,16.42,781.00,849.50,569.20,33.00,87.00,109.00,15.50,17.42,12.69,5.00,10.17,11.41,5.00,6.33,6.82,0.50,3.42,5.13,18.00,21.04,16.70,1.00,3.33,5.47,13.00,29.58,47.96,10.00,14.75,13.02,15.00,18.75,16.75,0.00,0.08,0.28,0.00,0.29,0.55,0.00,0.12,0.34,60.50,79.21,59.73
West Ham,27.50,28.27,3.87,23.50,23.36,10.83,21.00,19.00,13.51,1776.00,1701.73,1137.04,1.00,2.41,3.91,0.00,0.18,0.59,0.00,1.82,2.65,2.50,3.64,3.50,0.00,0.14,0.35,1.30,2.38,3.06,1.25,2.20,2.93,0.35,1.60,2.23,10.00,25.27,32.00,33.50,54.77,52.04,28.00,53.77,64.37,0.04,0.13,0.20,0.00,0.07,0.09,0.10,0.20,0.23,0.04,0.13,0.20,0.10,0.19,0.23,0.07,0.12,0.12,0.06,0.07,0.07,0.11,0.20,0.17,0.07,0.11,0.11,0.11,0.19,0.16,0.00,0.23,0.61,1.00,2.59,4.01,13.00,20.14,22.50,3.00,6.59,8.71,0.93,1.17,0.97,0.30,0.38,0.34,0.00,0.77,3.41,0.00,0.18,0.59,1.30,2.38,3.06,1.25,2.20,2.93,-0.05,0.21,1.31,-0.05,0.21,1.28,1995.00,1994.14,3.68,19.70,18.90,12.64,483.00,569.41,450.20,668.50,742.05,565.02,75.50,75.27,6.76,2709.50,3885.50,3596.89,148.50,273.27,249.37,167.50,310.00,277.42,88.60,87.50,6.32,186.00,218.64,174.50,217.00,261.05,203.84,81.10,82.09,10.50,53.50,60.41,59.08,95.00,123.50,128.37,0.00,1.82,2.65,0.35,1.40,1.92,0.00,0.22,0.92,5.00,13.86,16.95,26.50,44.50,43.93,5.00,10.23,13.81,0.50,3.23,5.64,576.00,660.18,497.87,39.50,78.64,106.56,10.50,19.50,25.07,1.00,2.73,6.28,4.00,7.18,8.36,7.00,30.05,47.52,3.00,32.68,84.00,0.00,7.50,25.82,0.00,4.23,14.53,0.00,2.77,11.28,0.00,0.00,0.00,483.00,569.41,450.20,2.00,3.23,3.02,9.50,18.68,20.02,16.50,35.45,36.93,1.94,1.98,1.35,12.50,23.45,22.97,0.50,4.14,11.23,0.00,2.64,5.45,1.00,1.95,2.17,1.00,2.14,3.21,1.00,1.14,1.25,1.50,4.73,6.06,0.16,0.21,0.21,1.00,3.18,4.16,0.00,0.50,1.54,0.00,0.36,0.79,0.00,0.36,0.79,0.00,0.18,0.50,0.00,0.14,0.35,19.00,31.05,30.23,11.00,19.32,19.47,224.00,331.45,292.80,299.00,412.05,357.52,108.50,212.41,221.48,9.50,13.95,14.12,16.00,27.55,25.25,8.50,13.59,12.20,18.50,22.05,19.22,3.00,8.09,9.64,8.50,13.95,13.04,8.50,16.36,15.61,31.00,47.41,44.08,15.00,41.14,45.72,0.00,0.41,0.85,898.50,946.00,693.22,51.50,118.27,181.01,22.50,34.00,40.97,898.50,945.73,692.94,12.50,33.86,50.31,6.00,16.05,27.07,6.50,14.59,19.69,445.50,506.82,361.87,2329.00,2752.45,2009.98,1216.50,1307.82,982.43,10.00,25.27,32.00,9.50,16.68,18.00,2.00,7.64,13.11,11.50,23.14,27.32,8.00,18.05,26.58,408.50,564.27,425.78,28.00,53.77,64.37,21.00,19.00,13.51,15.00,13.95,11.75,3.00,4.36,4.30,3.00,7.27,9.37,6.50,17.77,20.61,1.00,3.23,5.56,7.00,30.05,47.52,8.50,16.36,15.61,11.00,19.32,19.47,0.00,0.18,0.50,0.00,0.45,0.60,0.00,0.18,0.50,62.50,82.23,67.62
Wolves,24.00,24.68,4.42,25.00,22.48,11.93,11.00,16.72,13.36,1222.00,1499.88,1113.96,1.00,1.72,2.99,0.00,0.16,0.47,0.00,1.44,2.52,2.00,4.08,3.76,0.00,0.16,0.37,1.10,1.93,2.50,1.10,1.80,2.24,1.00,1.30,1.49,21.00,26.84,32.98,37.00,47.20,43.54,17.00,46.44,52.87,0.03,0.12,0.24,0.00,0.07,0.13,0.05,0.19,0.30,0.03,0.11,0.24,0.05,0.18,0.28,0.06,0.13,0.14,0.05,0.09,0.12,0.12,0.22,0.25,0.06,0.13,0.14,0.12,0.21,0.24,0.00,0.16,0.47,1.00,1.88,3.28,11.00,17.00,18.55,3.00,6.12,8.26,1.03,1.14,0.80,0.23,0.40,0.40,0.00,0.48,1.53,0.00,0.16,0.47,1.10,1.93,2.50,1.10,1.80,2.24,-0.20,-0.05,1.23,-0.20,-0.08,1.20,1998.00,1998.00,4.35,13.60,16.66,12.38,515.00,619.12,541.46,653.00,766.76,647.59,79.70,79.22,6.76,2105.00,3385.84,3638.30,256.00,307.68,266.07,312.00,343.00,292.21,89.40,89.04,6.08,174.00,243.88,250.84,212.00,280.52,276.74,84.70,84.57,9.40,31.00,48.72,53.70,57.00,101.08,122.96,0.00,1.44,2.52,0.70,1.11,1.29,-0.10,0.14,1.43,8.00,12.64,12.92,22.00,36.40,34.32,7.00,9.56,11.17,1.00,2.44,3.36,566.00,696.12,601.58,46.00,67.52,82.29,11.00,17.56,18.37,1.00,1.96,2.85,3.00,5.00,6.28,11.00,23.12,35.13,7.00,27.36,56.43,0.00,6.24,15.51,0.00,3.00,7.95,0.00,1.64,4.24,0.00,0.60,2.08,515.00,619.12,541.46,2.00,3.12,3.18,11.00,13.32,12.65,19.00,29.68,27.81,1.91,1.97,1.22,16.00,20.72,17.40,0.00,2.68,6.00,1.00,2.12,3.27,1.00,1.88,2.19,0.00,1.68,2.61,0.00,0.60,1.26,2.00,3.24,4.26,0.09,0.16,0.22,1.00,2.08,2.66,0.00,0.28,0.89,0.00,0.28,0.74,0.00,0.24,0.44,0.00,0.28,0.68,0.00,0.08,0.28,20.00,29.56,32.05,13.00,17.20,19.46,170.00,346.92,408.83,345.00,410.28,359.69,133.00,192.04,183.95,9.00,12.48,12.25,21.00,24.20,23.29,9.00,11.72,12.03,17.00,20.20,18.70,2.00,6.88,10.49,12.00,13.32,11.87,7.00,11.36,12.15,30.00,40.92,41.81,18.00,33.12,44.67,0.00,0.64,1.32,811.00,939.04,763.99,33.00,112.88,221.51,22.00,29.56,32.75,811.00,938.88,763.95,16.00,32.92,39.48,10.00,16.60,19.55,5.00,12.96,16.43,478.00,522.08,428.66,2586.00,2852.52,2306.75,999.00,1469.12,1297.18,21.00,26.84,32.98,14.00,20.72,23.00,2.00,6.72,11.37,12.00,21.40,22.44,7.00,15.56,16.64,481.00,613.72,508.94,17.00,46.44,52.87,11.00,16.72,13.36,5.00,10.72,11.52,4.00,5.76,6.07,2.00,5.84,7.86,11.00,16.16,15.11,2.00,3.12,3.60,11.00,23.12,35.13,7.00,11.36,12.15,13.00,17.20,19.46,0.00,0.16,0.37,0.00,0.32,0.63,0.00,0.04,0.20,65.00,75.40,64.41
